batch_size,layers,dropout_rate,n_filters,filter_size,fc_units,epoch,train_time,test_loss,accuracy
100,1,0.2,10,5,50,5,0 days 00:02:05.992056000,0.11152771551012992,0.967
100,1,0.2,10,5,50,10,0 days 00:06:25.373995000,0.05182994064688683,0.98445
100,1,0.2,10,5,50,15,0 days 00:12:51.666252000,0.03613278897404671,0.9893
100,1,0.2,10,5,100,5,0 days 00:02:05.922986000,0.10616900170445442,0.9695
100,1,0.2,10,5,100,10,0 days 00:06:20.827385000,0.05001516727209091,0.98545
100,1,0.2,10,5,100,15,0 days 00:12:48.673449000,0.03253963649272919,0.9903
100,1,0.2,16,5,50,5,0 days 00:02:05.554946000,0.11809860357046127,0.965025
100,1,0.2,16,5,50,10,0 days 00:06:24.552278000,0.05147449763417244,0.984525
100,1,0.2,16,5,50,15,0 days 00:12:49.828400000,0.03325027249455452,0.990175
100,1,0.2,16,5,100,5,0 days 00:02:08.616575000,0.1010366412639618,0.97075
100,1,0.2,16,5,100,10,0 days 00:06:28.439781000,0.048539085829257964,0.9856
100,1,0.2,16,5,100,15,0 days 00:12:59.552775000,0.03353473420143127,0.9896
100,1,0.5,10,5,50,5,0 days 00:02:06.475673000,0.1339512494802475,0.959775
100,1,0.5,10,5,50,10,0 days 00:06:30.579956000,0.06395751434564591,0.9812
100,1,0.5,10,5,50,15,0 days 00:13:00.028870000,0.042850310575962065,0.98715
100,1,0.5,10,5,100,5,0 days 00:02:03.779714000,0.12051446762681008,0.96495
100,1,0.5,10,5,100,10,0 days 00:06:24.772663000,0.05746502539515495,0.98295
100,1,0.5,10,5,100,15,0 days 00:12:49.730153000,0.03596333495974541,0.989375
100,1,0.5,16,5,50,5,0 days 00:02:03.868444000,0.12093137002587319,0.963725
100,1,0.5,16,5,50,10,0 days 00:06:20.431367000,0.05465751022696495,0.98305
100,1,0.5,16,5,50,15,0 days 00:12:41.980282000,0.0377274271607399,0.98825
100,1,0.5,16,5,100,5,0 days 00:02:03.594705000,0.11642579641342163,0.965475
100,1,0.5,16,5,100,10,0 days 00:06:20.638831000,0.05093615632653237,0.9849
100,1,0.5,16,5,100,15,0 days 00:12:42.285873000,0.032236705261468886,0.99005
100,1,0.75,10,5,50,5,0 days 00:02:03.045819000,0.19283187764883042,0.944575
100,1,0.75,10,5,50,10,0 days 00:06:20.194948000,0.07754961041212081,0.97655
100,1,0.75,10,5,50,15,0 days 00:12:40.504309000,0.05354716277718544,0.983375
100,1,0.75,10,5,100,5,0 days 00:02:02.121999000,0.14794662410020828,0.956575
100,1,0.75,10,5,100,10,0 days 00:06:16.907098000,0.07018438920974732,0.979175
100,1,0.75,10,5,100,15,0 days 00:12:36.392379000,0.04591366134285927,0.986175
100,1,0.75,16,5,50,5,0 days 00:02:03.776544000,0.1627758020043373,0.954975
100,1,0.75,16,5,50,10,0 days 00:06:21.931477000,0.06714236027002335,0.98055
100,1,0.75,16,5,50,15,0 days 00:12:46.420477000,0.04752305604219437,0.98625
100,1,0.75,16,5,100,5,0 days 00:02:04.731605000,0.14050015877485275,0.95825
100,1,0.75,16,5,100,10,0 days 00:06:17.928099000,0.06328541467189788,0.98145
100,1,0.75,16,5,100,15,0 days 00:12:40.659287000,0.04123062124848366,0.987725
100,2,0.2,10,5,50,5,0 days 00:02:02.901640000,0.08438724277615547,0.974975
100,2,0.2,10,5,50,10,0 days 00:06:18.589014000,0.03923288688659668,0.9875
100,2,0.2,10,5,50,15,0 days 00:12:40.604203000,0.027679404193162917,0.991525
100,2,0.2,10,5,100,5,0 days 00:02:04.609763000,0.08446198795437813,0.97395
100,2,0.2,10,5,100,10,0 days 00:06:17.530117000,0.042930639719963075,0.986525
100,2,0.2,10,5,100,15,0 days 00:12:39.940715000,0.029465536391735075,0.99065
100,2,0.2,16,5,50,5,0 days 00:02:03.405398000,0.07407013709545135,0.97735
100,2,0.2,16,5,50,10,0 days 00:06:18.766980000,0.0382734667301178,0.988275
100,2,0.2,16,5,50,15,0 days 00:12:42.133719000,0.02724303795993328,0.991825
100,2,0.2,16,5,100,5,0 days 00:02:04.342947000,0.08325466726422309,0.97495
100,2,0.2,16,5,100,10,0 days 00:06:19.513324000,0.03924945057630539,0.98735
100,2,0.2,16,5,100,15,0 days 00:12:43.050437000,0.026466309627890587,0.991425
100,2,0.5,10,5,50,5,0 days 00:02:03.903972000,0.08727346488237381,0.972725
100,2,0.5,10,5,50,10,0 days 00:06:18.584534000,0.046725234287977216,0.985975
100,2,0.5,10,5,50,15,0 days 00:12:44.727399000,0.03318431247770786,0.989375
100,2,0.5,10,5,100,5,0 days 00:02:04.502013000,0.08758316432833671,0.97335
100,2,0.5,10,5,100,10,0 days 00:06:23.350941000,0.04451357157230377,0.98625
100,2,0.5,10,5,100,15,0 days 00:12:48.173097000,0.031508969485759736,0.99
100,2,0.5,16,5,50,5,0 days 00:02:04.868273000,0.08070823292136192,0.97615
100,2,0.5,16,5,50,10,0 days 00:06:19.296683000,0.043348077112436295,0.987025
100,2,0.5,16,5,50,15,0 days 00:12:42.760891000,0.032031202632188796,0.9904
100,2,0.5,16,5,100,5,0 days 00:02:03.987710000,0.07898809887766838,0.975875
100,2,0.5,16,5,100,10,0 days 00:06:20.333376000,0.0398826185464859,0.987925
100,2,0.5,16,5,100,15,0 days 00:12:42.342177000,0.028193610227108003,0.99135
100,2,0.75,10,5,50,5,0 days 00:02:05.781476000,0.09764572364091874,0.972725
100,2,0.75,10,5,50,10,0 days 00:06:21.682992000,0.053414751264452935,0.9844
100,2,0.75,10,5,50,15,0 days 00:12:45.991752000,0.039477530205249786,0.98825
100,2,0.75,10,5,100,5,0 days 00:02:06.263630000,0.09541237030625344,0.97125
100,2,0.75,10,5,100,10,0 days 00:06:24.019228000,0.048256427848339084,0.985125
100,2,0.75,10,5,100,15,0 days 00:12:45.949471000,0.03550605503320694,0.989375
100,2,0.75,16,5,50,5,0 days 00:02:02.452755000,0.1068692455649376,0.9709
100,2,0.75,16,5,50,10,0 days 00:06:17.290306000,0.04901053522229195,0.984825
100,2,0.75,16,5,50,15,0 days 00:12:39.895129000,0.03530397873520851,0.98965
100,2,0.75,16,5,100,5,0 days 00:02:03.696327000,0.0804890036046505,0.975725
100,2,0.75,16,5,100,10,0 days 00:06:17.484926000,0.042005011034011844,0.987325
100,2,0.75,16,5,100,15,0 days 00:12:40.161121000,0.03070955383479595,0.991025
100,3,0.2,10,5,50,5,0 days 00:02:05.170181000,0.08811562878489494,0.972725
100,3,0.2,10,5,50,10,0 days 00:06:23.737889000,0.04659194328784943,0.985075
100,3,0.2,10,5,50,15,0 days 00:12:47.158006000,0.03245914191305637,0.990075
100,3,0.2,10,5,100,5,0 days 00:02:03.410170000,0.07690878093242645,0.9757
100,3,0.2,10,5,100,10,0 days 00:06:20.901939000,0.038803255486488344,0.987625
100,3,0.2,10,5,100,15,0 days 00:12:41.857673000,0.029719850486516954,0.990375
100,3,0.2,16,5,50,5,0 days 00:02:05.861426000,0.07056295383572578,0.977925
100,3,0.2,16,5,50,10,0 days 00:06:24.107093000,0.03750165745615959,0.988525
100,3,0.2,16,5,50,15,0 days 00:12:47.853331000,0.027311920815706252,0.99185
100,3,0.2,16,5,100,5,0 days 00:02:05.065325000,0.07171507584750653,0.978075
100,3,0.2,16,5,100,10,0 days 00:06:24.547565000,0.0377421422958374,0.987775
100,3,0.2,16,5,100,15,0 days 00:12:51.442663000,0.028458756959438326,0.990625
100,3,0.5,10,5,50,5,0 days 00:02:04.019732000,0.09411113224029541,0.9714
100,3,0.5,10,5,50,10,0 days 00:06:23.029860000,0.04849856538772583,0.985325
100,3,0.5,10,5,50,15,0 days 00:12:47.430064000,0.03294221485853195,0.990475
100,3,0.5,10,5,100,5,0 days 00:02:03.920767000,0.08152231065034866,0.974725
100,3,0.5,10,5,100,10,0 days 00:06:19.162554000,0.04117810162901878,0.9866
100,3,0.5,10,5,100,15,0 days 00:12:43.988760000,0.029895743376016616,0.990675
100,3,0.5,16,5,50,5,0 days 00:02:05.498733000,0.07422479012608528,0.97625
100,3,0.5,16,5,50,10,0 days 00:06:22.766790000,0.038947623604536054,0.988625
100,3,0.5,16,5,50,15,0 days 00:12:54.235593000,0.03004752177596092,0.9915
100,3,0.5,16,5,100,5,0 days 00:02:04.341145000,0.08166388969421387,0.9749
100,3,0.5,16,5,100,10,0 days 00:06:20.920067000,0.039282660681009295,0.98705
100,3,0.5,16,5,100,15,0 days 00:12:49.185412000,0.027082097512483597,0.9911
100,3,0.75,10,5,50,5,0 days 00:02:02.920886000,0.09368790975809098,0.971675
100,3,0.75,10,5,50,10,0 days 00:06:20.990851000,0.04665353667736054,0.9868
100,3,0.75,10,5,50,15,0 days 00:12:44.706454000,0.03381325401365757,0.991275
100,3,0.75,10,5,100,5,0 days 00:02:05.144678000,0.08921851216554642,0.97185
100,3,0.75,10,5,100,10,0 days 00:06:18.585960000,0.046208736616373064,0.985775
100,3,0.75,10,5,100,15,0 days 00:12:39.164005000,0.0317755650728941,0.99095
100,3,0.75,16,5,50,5,0 days 00:02:03.987454000,0.09487534448504448,0.971275
100,3,0.75,16,5,50,10,0 days 00:06:21.666661000,0.04826812624335289,0.98555
100,3,0.75,16,5,50,15,0 days 00:12:49.063881000,0.034515751668810844,0.99065
100,3,0.75,16,5,100,5,0 days 00:02:04.964674000,0.07802887893915177,0.9757
100,3,0.75,16,5,100,10,0 days 00:06:23.892738000,0.042566746068000795,0.987375
100,3,0.75,16,5,100,15,0 days 00:12:49.761123000,0.030875607565045357,0.99135
100,4,0.2,10,5,50,5,0 days 00:02:03.733651000,0.10137788748145103,0.96845
100,4,0.2,10,5,50,10,0 days 00:06:19.959521000,0.04589673054218292,0.9856
100,4,0.2,10,5,50,15,0 days 00:12:42.989368000,0.03297733432650566,0.9898
100,4,0.2,10,5,100,5,0 days 00:02:05.013778000,0.1138158393740654,0.9647
100,4,0.2,10,5,100,10,0 days 00:06:21.713941000,0.04353569441735745,0.986
100,4,0.2,10,5,100,15,0 days 00:12:48.528089000,0.029237520909309388,0.990875
100,4,0.2,16,5,50,5,0 days 00:02:10.728208000,0.08633890784382821,0.973475
100,4,0.2,16,5,50,10,0 days 00:06:44.166214000,0.03899798090457916,0.9879
100,4,0.2,16,5,50,15,0 days 00:13:32.431464000,0.030750726640224456,0.9906
100,4,0.2,16,5,100,5,0 days 00:02:11.548552000,0.0922312078654766,0.9714
100,4,0.2,16,5,100,10,0 days 00:06:44.470166000,0.03769161521196365,0.9882
100,4,0.2,16,5,100,15,0 days 00:13:31.713766000,0.026011360847949982,0.9924
100,4,0.5,10,5,50,5,0 days 00:02:03.564507000,0.11132583015561104,0.96625
100,4,0.5,10,5,50,10,0 days 00:06:21.228492000,0.046937885388731955,0.9859
100,4,0.5,10,5,50,15,0 days 00:12:50.291048000,0.033413731893897056,0.989975
100,4,0.5,10,5,100,5,0 days 00:02:05.157867000,0.09346590055823326,0.970725
100,4,0.5,10,5,100,10,0 days 00:06:20.364734000,0.03919947150349617,0.98765
100,4,0.5,10,5,100,15,0 days 00:12:43.493407000,0.02727522243857384,0.991475
100,4,0.5,16,5,50,5,0 days 00:02:11.114582000,0.08710678493380547,0.9729
100,4,0.5,16,5,50,10,0 days 00:06:41.018071000,0.037953903821110725,0.989225
100,4,0.5,16,5,50,15,0 days 00:13:27.751022000,0.028355833292007446,0.992225
100,4,0.5,16,5,100,5,0 days 00:02:13.851395000,0.08555002775788308,0.973175
100,4,0.5,16,5,100,10,0 days 00:06:47.218028000,0.04073238976597786,0.9871
100,4,0.5,16,5,100,15,0 days 00:13:35.517078000,0.02898160484135151,0.9916
100,4,0.75,10,5,50,5,0 days 00:02:04.913196000,0.14197822977304458,0.959425
100,4,0.75,10,5,50,10,0 days 00:06:22.533670000,0.05258035959005356,0.98465
100,4,0.75,10,5,50,15,0 days 00:12:49.114651000,0.03933451122641563,0.9905
100,4,0.75,10,5,100,5,0 days 00:02:05.516334000,0.1210753389120102,0.96295
100,4,0.75,10,5,100,10,0 days 00:06:22.487625000,0.046332308438420296,0.986875
100,4,0.75,10,5,100,15,0 days 00:12:48.083650000,0.030375455987453462,0.991525
100,4,0.75,16,5,50,5,0 days 00:02:10.849440000,0.10306248717904092,0.9699
100,4,0.75,16,5,50,10,0 days 00:06:42.040608000,0.04868119017481804,0.986075
100,4,0.75,16,5,50,15,0 days 00:13:30.537047000,0.039856544667482376,0.99015
100,4,0.75,16,5,100,5,0 days 00:02:13.432320000,0.11750316681861878,0.96255
100,4,0.75,16,5,100,10,0 days 00:06:44.555976000,0.04523376903235912,0.98665
100,4,0.75,16,5,100,15,0 days 00:13:31.917985000,0.03380431164503098,0.99105
200,1,0.2,10,5,50,5,0 days 00:01:55.669887000,0.17167986967563628,0.950425
200,1,0.2,10,5,50,10,0 days 00:05:51.187164000,0.09601435045003891,0.971475
200,1,0.2,10,5,50,15,0 days 00:11:47.728914000,0.059311169493198396,0.981925
200,1,0.2,10,5,100,5,0 days 00:01:54.542456000,0.151089701795578,0.9555
200,1,0.2,10,5,100,10,0 days 00:05:51.134220000,0.07664128413200379,0.977775
200,1,0.2,10,5,100,15,0 days 00:11:42.507250000,0.046464533042907714,0.9857
200,1,0.2,16,5,50,5,0 days 00:01:54.586032000,0.1667039122581482,0.952175
200,1,0.2,16,5,50,10,0 days 00:05:50.572400000,0.08383788647651673,0.975625
200,1,0.2,16,5,50,15,0 days 00:11:45.883607000,0.04854502340555191,0.98605
200,1,0.2,16,5,100,5,0 days 00:01:54.737651000,0.16497210812568663,0.951425
200,1,0.2,16,5,100,10,0 days 00:05:52.895112000,0.08673719574213028,0.97425
200,1,0.2,16,5,100,15,0 days 00:11:47.382723000,0.053340985292196275,0.9839
200,1,0.5,10,5,50,5,0 days 00:01:54.544867000,0.19367737994194031,0.942325
200,1,0.5,10,5,50,10,0 days 00:05:53.202650000,0.11152018373012543,0.966775
200,1,0.5,10,5,50,15,0 days 00:11:47.869660000,0.0628175742328167,0.981425
200,1,0.5,10,5,100,5,0 days 00:01:55.068919000,0.171329629611969,0.949575
200,1,0.5,10,5,100,10,0 days 00:05:49.525611000,0.09553930945396423,0.971925
200,1,0.5,10,5,100,15,0 days 00:11:45.617660000,0.055334456872940065,0.9833
200,1,0.5,16,5,50,5,0 days 00:01:55.096908000,0.1873644959449768,0.944775
200,1,0.5,16,5,50,10,0 days 00:05:52.085498000,0.10442738796472549,0.96925
200,1,0.5,16,5,50,15,0 days 00:11:44.863970000,0.05665699951648712,0.9835
200,1,0.5,16,5,100,5,0 days 00:01:55.372599000,0.17347940139770507,0.949175
200,1,0.5,16,5,100,10,0 days 00:05:51.521346000,0.10036489630937576,0.9704
200,1,0.5,16,5,100,15,0 days 00:11:48.093479000,0.059420469295978544,0.9822
200,1,0.75,10,5,50,5,0 days 00:01:53.839597000,0.213968363571167,0.94275
200,1,0.75,10,5,50,10,0 days 00:05:49.132720000,0.10156224426031113,0.971725
200,1,0.75,10,5,50,15,0 days 00:11:43.393484000,0.06544002521038056,0.98025
200,1,0.75,10,5,100,5,0 days 00:01:54.649613000,0.2043366789340973,0.9407
200,1,0.75,10,5,100,10,0 days 00:05:51.187184000,0.12329999191761017,0.963375
200,1,0.75,10,5,100,15,0 days 00:11:44.888476000,0.06588441784381867,0.98065
200,1,0.75,16,5,50,5,0 days 00:01:54.632877000,0.190440891456604,0.949125
200,1,0.75,16,5,50,10,0 days 00:05:52.382528000,0.08687823815345765,0.975825
200,1,0.75,16,5,50,15,0 days 00:11:49.616556000,0.05827129943370819,0.9831
200,1,0.75,16,5,100,5,0 days 00:01:55.717606000,0.18619113085269928,0.9464
200,1,0.75,16,5,100,10,0 days 00:05:49.786196000,0.09415741962194443,0.972975
200,1,0.75,16,5,100,15,0 days 00:11:45.201902000,0.05359872776865959,0.9842
200,2,0.2,10,5,50,5,0 days 00:01:54.154169000,0.13191921167373657,0.9608
200,2,0.2,10,5,50,10,0 days 00:05:51.232168000,0.06297504230737686,0.980825
200,2,0.2,10,5,50,15,0 days 00:11:47.574905000,0.04134669246673584,0.987
200,2,0.2,10,5,100,5,0 days 00:01:53.967203000,0.12014429156780243,0.96425
200,2,0.2,10,5,100,10,0 days 00:05:49.811893000,0.058038908672332766,0.982275
200,2,0.2,10,5,100,15,0 days 00:11:43.176344000,0.03853200789690018,0.98795
200,2,0.2,16,5,50,5,0 days 00:01:55.173226000,0.11766789605617523,0.96495
200,2,0.2,16,5,50,10,0 days 00:05:51.294202000,0.05588337417840958,0.9826
200,2,0.2,16,5,50,15,0 days 00:11:45.242145000,0.03727264801263809,0.9888
200,2,0.2,16,5,100,5,0 days 00:01:54.419105000,0.11628521761894225,0.964975
200,2,0.2,16,5,100,10,0 days 00:05:49.003585000,0.056950071692466735,0.982525
200,2,0.2,16,5,100,15,0 days 00:11:41.902816000,0.037312219989299775,0.988125
200,2,0.5,10,5,50,5,0 days 00:01:55.467377000,0.15412433862686156,0.95395
200,2,0.5,10,5,50,10,0 days 00:05:51.882413000,0.07295626071691513,0.9779
200,2,0.5,10,5,50,15,0 days 00:11:45.956063000,0.048865780061483385,0.985375
200,2,0.5,10,5,100,5,0 days 00:01:53.939976000,0.13076639432907106,0.9609
200,2,0.5,10,5,100,10,0 days 00:05:49.972978000,0.0647255536198616,0.979975
200,2,0.5,10,5,100,15,0 days 00:11:44.490109000,0.04252367519140243,0.986825
200,2,0.5,16,5,50,5,0 days 00:01:55.493610000,0.13307570705413818,0.960375
200,2,0.5,16,5,50,10,0 days 00:05:53.162286000,0.06611049597263337,0.980275
200,2,0.5,16,5,50,15,0 days 00:11:49.021750000,0.043573366928100585,0.98605
200,2,0.5,16,5,100,5,0 days 00:01:53.101725000,0.1327695798635483,0.959325
200,2,0.5,16,5,100,10,0 days 00:05:47.681216000,0.06113738105893135,0.980875
200,2,0.5,16,5,100,15,0 days 00:11:43.203662000,0.03920917026996613,0.9876
200,2,0.75,10,5,50,5,0 days 00:01:55.564169000,0.17229477047920227,0.95235
200,2,0.75,10,5,50,10,0 days 00:05:53.326545000,0.07846477956771851,0.976
200,2,0.75,10,5,50,15,0 days 00:11:45.540179000,0.054763871276378634,0.9836
200,2,0.75,10,5,100,5,0 days 00:01:54.216075000,0.15311952056884764,0.95485
200,2,0.75,10,5,100,10,0 days 00:05:51.474052000,0.0716738595366478,0.97815
200,2,0.75,10,5,100,15,0 days 00:11:43.836212000,0.0472966012775898,0.985425
200,2,0.75,16,5,50,5,0 days 00:01:55.668559000,0.16891268491744996,0.9527
200,2,0.75,16,5,50,10,0 days 00:05:51.902744000,0.06914844188690185,0.979725
200,2,0.75,16,5,50,15,0 days 00:11:45.560096000,0.04816007481813431,0.98575
200,2,0.75,16,5,100,5,0 days 00:01:55.161997000,0.15477754018306733,0.95445
200,2,0.75,16,5,100,10,0 days 00:05:54.531797000,0.06767371994853019,0.9798
200,2,0.75,16,5,100,15,0 days 00:11:48.713194000,0.04509655522108078,0.98645
200,3,0.2,10,5,50,5,0 days 00:01:54.298563000,0.13494936587810516,0.9587
200,3,0.2,10,5,50,10,0 days 00:05:51.050132000,0.062023768442869186,0.9802
200,3,0.2,10,5,50,15,0 days 00:11:45.782409000,0.041685159128904345,0.9869
200,3,0.2,10,5,100,5,0 days 00:01:54.681729000,0.12290558304786682,0.962675
200,3,0.2,10,5,100,10,0 days 00:05:50.185890000,0.055226805371046066,0.9829
200,3,0.2,10,5,100,15,0 days 00:11:48.460958000,0.038546210807561876,0.98795
200,3,0.2,16,5,50,5,0 days 00:01:55.110043000,0.11304476721286774,0.965325
200,3,0.2,16,5,50,10,0 days 00:05:51.425067000,0.05461176316738129,0.98285
200,3,0.2,16,5,50,15,0 days 00:11:45.307485000,0.03743012766838074,0.9877
200,3,0.2,16,5,100,5,0 days 00:01:56.387221000,0.11968076758384705,0.9647
200,3,0.2,16,5,100,10,0 days 00:05:53.015911000,0.051719612807035444,0.983675
200,3,0.2,16,5,100,15,0 days 00:11:47.348426000,0.03484909269213676,0.9889
200,3,0.5,10,5,50,5,0 days 00:01:54.063314000,0.1449800308227539,0.954575
200,3,0.5,10,5,50,10,0 days 00:05:52.019098000,0.06622086876630782,0.978675
200,3,0.5,10,5,50,15,0 days 00:11:45.331663000,0.04609444729089737,0.985475
200,3,0.5,10,5,100,5,0 days 00:01:55.617570000,0.134261505150795,0.959425
200,3,0.5,10,5,100,10,0 days 00:05:50.920045000,0.0623120416522026,0.98045
200,3,0.5,10,5,100,15,0 days 00:11:43.201411000,0.041913282257318496,0.98685
200,3,0.5,16,5,50,5,0 days 00:01:56.892226000,0.12259985477924347,0.963025
200,3,0.5,16,5,50,10,0 days 00:05:55.384862000,0.05603839117288589,0.982125
200,3,0.5,16,5,50,15,0 days 00:11:49.088202000,0.03829228362441063,0.9884
200,3,0.5,16,5,100,5,0 days 00:01:53.244371000,0.12088357396125793,0.962375
200,3,0.5,16,5,100,10,0 days 00:05:49.086643000,0.056056934583187105,0.981975
200,3,0.5,16,5,100,15,0 days 00:11:43.972604000,0.036174923622608185,0.988475
200,3,0.75,10,5,50,5,0 days 00:01:55.960650000,0.1803652997970581,0.95105
200,3,0.75,10,5,50,10,0 days 00:05:52.442804000,0.07571933430433274,0.97705
200,3,0.75,10,5,50,15,0 days 00:11:48.253494000,0.05236378452181816,0.98425
200,3,0.75,10,5,100,5,0 days 00:01:53.683413000,0.14941786000728607,0.9549
200,3,0.75,10,5,100,10,0 days 00:05:49.217906000,0.06720700128674507,0.978725
200,3,0.75,10,5,100,15,0 days 00:11:43.527550000,0.042580454576015475,0.987425
200,3,0.75,16,5,50,5,0 days 00:01:53.397485000,0.1449828483581543,0.959775
200,3,0.75,16,5,50,10,0 days 00:05:50.210148000,0.06292251574993134,0.9814
200,3,0.75,16,5,50,15,0 days 00:11:44.610151000,0.043342928117513654,0.987375
200,3,0.75,16,5,100,5,0 days 00:01:55.285595000,0.12573626219034195,0.9612
200,3,0.75,16,5,100,10,0 days 00:05:51.082520000,0.057727874094247816,0.9819
200,3,0.75,16,5,100,15,0 days 00:11:44.786172000,0.039108544284105304,0.9881
200,4,0.2,10,5,50,5,0 days 00:01:55.847862000,0.2228483305454254,0.9331
200,4,0.2,10,5,50,10,0 days 00:05:51.804560000,0.07064132151603698,0.977725
200,4,0.2,10,5,50,15,0 days 00:11:47.362136000,0.04314301634430885,0.986025
200,4,0.2,10,5,100,5,0 days 00:01:54.683809000,0.2580932674407959,0.921925
200,4,0.2,10,5,100,10,0 days 00:05:49.286785000,0.06684791992902755,0.978925
200,4,0.2,10,5,100,15,0 days 00:11:43.493578000,0.04231900509595871,0.9867
200,4,0.2,16,5,50,5,0 days 00:01:56.295680000,0.16725868310928343,0.949375
200,4,0.2,16,5,50,10,0 days 00:05:54.893053000,0.05935672597885132,0.981025
200,4,0.2,16,5,50,15,0 days 00:11:51.684514000,0.037518708938360214,0.9881
200,4,0.2,16,5,100,5,0 days 00:01:55.832962000,0.17880502300262452,0.945
200,4,0.2,16,5,100,10,0 days 00:05:53.471264000,0.06179004901051521,0.980375
200,4,0.2,16,5,100,15,0 days 00:11:50.552821000,0.03685459371805191,0.988225
200,4,0.5,10,5,50,5,0 days 00:01:54.638230000,0.2329068687438965,0.927725
200,4,0.5,10,5,50,10,0 days 00:05:50.249889000,0.0718734369814396,0.977325
200,4,0.5,10,5,50,15,0 days 00:11:45.857632000,0.046348910570144654,0.9857
200,4,0.5,10,5,100,5,0 days 00:01:55.572399000,0.23290163197517394,0.93075
200,4,0.5,10,5,100,10,0 days 00:05:55.071019000,0.06994277165532112,0.977875
200,4,0.5,10,5,100,15,0 days 00:11:48.610702000,0.04551672208309174,0.985775
200,4,0.5,16,5,50,5,0 days 00:01:55.293310000,0.19547362604141236,0.938
200,4,0.5,16,5,50,10,0 days 00:05:53.696777000,0.07075140852332115,0.9776
200,4,0.5,16,5,50,15,0 days 00:11:49.241088000,0.042963250160217285,0.986625
200,4,0.5,16,5,100,5,0 days 00:01:56.259245000,0.16475610308647157,0.9493
200,4,0.5,16,5,100,10,0 days 00:05:54.609682000,0.06004335829615593,0.9808
200,4,0.5,16,5,100,15,0 days 00:11:53.480713000,0.037940263187885286,0.987775
200,4,0.75,10,5,50,5,0 days 00:01:55.210035000,0.5509677658081055,0.8734
200,4,0.75,10,5,50,10,0 days 00:05:53.408693000,0.0912127849817276,0.9738
200,4,0.75,10,5,50,15,0 days 00:11:47.057828000,0.054100787723064425,0.98485
200,4,0.75,10,5,100,5,0 days 00:01:54.681873000,0.20264555115699767,0.93765
200,4,0.75,10,5,100,10,0 days 00:05:49.758672000,0.06972007973790169,0.9783
200,4,0.75,10,5,100,15,0 days 00:11:49.280333000,0.04430605274438858,0.98675
200,4,0.75,16,5,50,5,0 days 00:01:54.935329000,0.27383312072753907,0.92715
200,4,0.75,16,5,50,10,0 days 00:05:51.689892000,0.07892984021902084,0.9766
200,4,0.75,16,5,50,15,0 days 00:11:47.682881000,0.047785280120372774,0.98625
200,4,0.75,16,5,100,5,0 days 00:01:57.119351000,0.2099500698566437,0.938125
200,4,0.75,16,5,100,10,0 days 00:05:55.907347000,0.06497224554419517,0.97985
200,4,0.75,16,5,100,15,0 days 00:11:54.536123000,0.03959558520913124,0.9882
300,1,0.2,10,5,50,5,0 days 00:01:50.831768000,0.20169029126167298,0.94155
300,1,0.2,10,5,50,10,0 days 00:05:39.986582000,0.12193602240085602,0.963575
300,1,0.2,10,5,50,15,0 days 00:11:26.658175000,0.07904104145765305,0.976825
300,1,0.2,10,5,100,5,0 days 00:01:52.340605000,0.19774584369659423,0.943225
300,1,0.2,10,5,100,10,0 days 00:05:43.753366000,0.11092698707580566,0.967875
300,1,0.2,10,5,100,15,0 days 00:11:34.102793000,0.07003686743974685,0.9793
300,1,0.2,16,5,50,5,0 days 00:01:52.456914000,0.1955232159614563,0.943975
300,1,0.2,16,5,50,10,0 days 00:05:44.100701000,0.10397356789112092,0.969525
300,1,0.2,16,5,50,15,0 days 00:11:31.346589000,0.05936663302183151,0.982725
300,1,0.2,16,5,100,5,0 days 00:01:51.455140000,0.19113360319137573,0.944825
300,1,0.2,16,5,100,10,0 days 00:05:41.812620000,0.10155958672761917,0.969925
300,1,0.2,16,5,100,15,0 days 00:11:28.166604000,0.06187190846204758,0.98145
300,1,0.5,10,5,50,5,0 days 00:01:51.862920000,0.23323696603775024,0.934125
300,1,0.5,10,5,50,10,0 days 00:05:43.388758000,0.12992647228240967,0.96265
300,1,0.5,10,5,50,15,0 days 00:11:30.178220000,0.08344299235343933,0.97515
300,1,0.5,10,5,100,5,0 days 00:01:53.135012000,0.21108803751468658,0.938375
300,1,0.5,10,5,100,10,0 days 00:05:45.026533000,0.1293617838382721,0.96155
300,1,0.5,10,5,100,15,0 days 00:11:33.633044000,0.08892997831106186,0.973575
300,1,0.5,16,5,50,5,0 days 00:01:51.731542000,0.2149211266517639,0.937675
300,1,0.5,16,5,50,10,0 days 00:05:42.716380000,0.12133965048789978,0.963925
300,1,0.5,16,5,50,15,0 days 00:11:28.710117000,0.07313007571697235,0.978475
300,1,0.5,16,5,100,5,0 days 00:01:52.479936000,0.18600390920639037,0.945675
300,1,0.5,16,5,100,10,0 days 00:05:45.718054000,0.10112622399330139,0.9703
300,1,0.5,16,5,100,15,0 days 00:11:28.554087000,0.06209920197725296,0.982225
300,1,0.75,10,5,50,5,0 days 00:01:52.423300000,0.27293565254211427,0.92855
300,1,0.75,10,5,50,10,0 days 00:05:43.754772000,0.1472849790096283,0.958825
300,1,0.75,10,5,50,15,0 days 00:11:30.474271000,0.09069941679239273,0.97395
300,1,0.75,10,5,100,5,0 days 00:01:53.194728000,0.23189093084335327,0.932825
300,1,0.75,10,5,100,10,0 days 00:05:45.445991000,0.1484639503955841,0.955925
300,1,0.75,10,5,100,15,0 days 00:11:32.442213000,0.09267666461467743,0.9725
300,1,0.75,16,5,50,5,0 days 00:01:50.782535000,0.2809984654426575,0.9277
300,1,0.75,16,5,50,10,0 days 00:05:41.184347000,0.15277294926643373,0.9577
300,1,0.75,16,5,50,15,0 days 00:11:26.713091000,0.08443734407424927,0.976275
300,1,0.75,16,5,100,5,0 days 00:01:52.902682000,0.21283820853233337,0.9387
300,1,0.75,16,5,100,10,0 days 00:05:43.029084000,0.12269939669370651,0.963325
300,1,0.75,16,5,100,15,0 days 00:11:30.019311000,0.07260753235816955,0.9785
300,2,0.2,10,5,50,5,0 days 00:01:51.807971000,0.18763789763450622,0.944825
300,2,0.2,10,5,50,10,0 days 00:05:41.664627000,0.08167306501865387,0.975075
300,2,0.2,10,5,50,15,0 days 00:11:30.011116000,0.04992943898439407,0.985225
300,2,0.2,10,5,100,5,0 days 00:01:51.332288000,0.16314752140045166,0.95185
300,2,0.2,10,5,100,10,0 days 00:05:43.104397000,0.07862276692390442,0.976175
300,2,0.2,10,5,100,15,0 days 00:11:33.248249000,0.0513505156159401,0.98395
300,2,0.2,16,5,50,5,0 days 00:01:54.105024000,0.15626540446281434,0.95415
300,2,0.2,16,5,50,10,0 days 00:05:46.917760000,0.07402415943145751,0.978
300,2,0.2,16,5,50,15,0 days 00:11:34.287231000,0.04684965561628342,0.98555
300,2,0.2,16,5,100,5,0 days 00:01:52.530590000,0.15672265567779542,0.953675
300,2,0.2,16,5,100,10,0 days 00:05:44.358398000,0.0764595546245575,0.977075
300,2,0.2,16,5,100,15,0 days 00:11:30.724421000,0.04848981831073761,0.98475
300,2,0.5,10,5,50,5,0 days 00:01:53.110207000,0.17945100362300873,0.94715
300,2,0.5,10,5,50,10,0 days 00:05:47.527324000,0.08298026624917984,0.975175
300,2,0.5,10,5,50,15,0 days 00:11:36.808006000,0.05494471189975739,0.9835
300,2,0.5,10,5,100,5,0 days 00:01:51.703933000,0.18166188721656798,0.94495
300,2,0.5,10,5,100,10,0 days 00:05:42.917017000,0.0867065225481987,0.973675
300,2,0.5,10,5,100,15,0 days 00:11:29.316840000,0.05394151477217674,0.9831
300,2,0.5,16,5,50,5,0 days 00:01:53.936022000,0.1859957251548767,0.94595
300,2,0.5,16,5,50,10,0 days 00:05:44.635053000,0.08366782877445221,0.974475
300,2,0.5,16,5,50,15,0 days 00:11:29.402073000,0.052621917378902434,0.98445
300,2,0.5,16,5,100,5,0 days 00:01:52.535210000,0.16323496980667115,0.9506
300,2,0.5,16,5,100,10,0 days 00:05:44.726267000,0.07935017966032028,0.9757
300,2,0.5,16,5,100,15,0 days 00:11:34.503586000,0.05010459913015366,0.984375
300,2,0.75,10,5,50,5,0 days 00:01:52.299094000,0.2857098786354065,0.9294
300,2,0.75,10,5,50,10,0 days 00:05:43.794147000,0.12100893635749817,0.96795
300,2,0.75,10,5,50,15,0 days 00:11:34.929591000,0.0730268233537674,0.979275
300,2,0.75,10,5,100,5,0 days 00:01:52.530099000,0.191726278591156,0.943525
300,2,0.75,10,5,100,10,0 days 00:05:43.486366000,0.09942079693078995,0.9698
300,2,0.75,10,5,100,15,0 days 00:11:26.389946000,0.06363571912050248,0.980675
300,2,0.75,16,5,50,5,0 days 00:01:52.100845000,0.20243889908790588,0.943725
300,2,0.75,16,5,50,10,0 days 00:05:41.769371000,0.09000296993255615,0.973425
300,2,0.75,16,5,50,15,0 days 00:11:31.592196000,0.05737107526659965,0.98285
300,2,0.75,16,5,100,5,0 days 00:01:52.825016000,0.20202051665782927,0.939825
300,2,0.75,16,5,100,10,0 days 00:05:45.714329000,0.09492304995059966,0.970775
300,2,0.75,16,5,100,15,0 days 00:11:32.900804000,0.057283006608486176,0.9827
300,3,0.2,10,5,50,5,0 days 00:01:53.222706000,0.21838241815567017,0.9348
300,3,0.2,10,5,50,10,0 days 00:05:43.272248000,0.0842432365000248,0.97455
300,3,0.2,10,5,50,15,0 days 00:11:30.392418000,0.05174684969186783,0.98415
300,3,0.2,10,5,100,5,0 days 00:01:52.228101000,0.18420302267074584,0.944025
300,3,0.2,10,5,100,10,0 days 00:05:45.352924000,0.07297686055898667,0.977725
300,3,0.2,10,5,100,15,0 days 00:11:33.867437000,0.04626746867895126,0.985375
300,3,0.2,16,5,50,5,0 days 00:01:52.721216000,0.14838248260021208,0.9549
300,3,0.2,16,5,50,10,0 days 00:05:43.594108000,0.06783638899326325,0.97865
300,3,0.2,16,5,50,15,0 days 00:11:29.067803000,0.04644911202192307,0.984975
300,3,0.2,16,5,100,5,0 days 00:01:52.113669000,0.16895325083732604,0.948675
300,3,0.2,16,5,100,10,0 days 00:05:44.117283000,0.07056827894449234,0.977825
300,3,0.2,16,5,100,15,0 days 00:11:27.968585000,0.04547743507623672,0.985675
300,3,0.5,10,5,50,5,0 days 00:01:50.867218000,0.24098716320991517,0.932075
300,3,0.5,10,5,50,10,0 days 00:05:41.760800000,0.08262419321537018,0.97485
300,3,0.5,10,5,50,15,0 days 00:11:30.682672000,0.05232314398288727,0.984225
300,3,0.5,10,5,100,5,0 days 00:01:52.624883000,0.16077326974868775,0.951525
300,3,0.5,10,5,100,10,0 days 00:05:43.618669000,0.07071186184883117,0.977775
300,3,0.5,10,5,100,15,0 days 00:11:27.961094000,0.047269088661670684,0.9852
300,3,0.5,16,5,50,5,0 days 00:01:51.996927000,0.1951170744419098,0.941825
300,3,0.5,16,5,50,10,0 days 00:05:42.409496000,0.07701741865873336,0.976775
300,3,0.5,16,5,50,15,0 days 00:11:28.463333000,0.04927382877469063,0.984675
300,3,0.5,16,5,100,5,0 days 00:01:51.595434000,0.16075977556705476,0.950375
300,3,0.5,16,5,100,10,0 days 00:05:43.693897000,0.0662402945280075,0.97915
300,3,0.5,16,5,100,15,0 days 00:11:29.350406000,0.0428479318857193,0.9862
300,3,0.75,10,5,50,5,0 days 00:01:53.272264000,0.3140203309059143,0.926925
300,3,0.75,10,5,50,10,0 days 00:05:46.422484000,0.09037697467803955,0.973175
300,3,0.75,10,5,50,15,0 days 00:11:36.429377000,0.05769371299743652,0.98255
300,3,0.75,10,5,100,5,0 days 00:01:53.521442000,0.2135296232700348,0.93685
300,3,0.75,10,5,100,10,0 days 00:05:45.062432000,0.08633329632282256,0.972925
300,3,0.75,10,5,100,15,0 days 00:11:35.286939000,0.05615069819688797,0.983
300,3,0.75,16,5,50,5,0 days 00:01:53.821724000,0.2697414109706879,0.931875
300,3,0.75,16,5,50,10,0 days 00:05:44.798894000,0.08889728184938431,0.97415
300,3,0.75,16,5,50,15,0 days 00:11:30.160922000,0.058078666985034944,0.983025
300,3,0.75,16,5,100,5,0 days 00:01:52.036172000,0.22072072010040283,0.9387
300,3,0.75,16,5,100,10,0 days 00:05:42.273132000,0.07612684111595154,0.9762
300,3,0.75,16,5,100,15,0 days 00:11:30.220226000,0.04902717403173447,0.984625
300,4,0.2,10,5,50,5,0 days 00:01:51.720061000,0.4837414649963379,0.8557
300,4,0.2,10,5,50,10,0 days 00:05:41.903900000,0.0980506386756897,0.970225
300,4,0.2,10,5,50,15,0 days 00:11:27.123521000,0.05783067111968994,0.981725
300,4,0.2,10,5,100,5,0 days 00:01:52.183977000,2.197605513381958,0.4299
300,4,0.2,10,5,100,10,0 days 00:05:43.478585000,0.10166454344987869,0.9685
300,4,0.2,10,5,100,15,0 days 00:11:30.916092000,0.05178221138715744,0.98345
300,4,0.2,16,5,50,5,0 days 00:01:53.138685000,0.26369651212692263,0.921925
300,4,0.2,16,5,50,10,0 days 00:05:41.517848000,0.07986973991394043,0.975075
300,4,0.2,16,5,50,15,0 days 00:11:30.163870000,0.048052381765842436,0.98455
300,4,0.2,16,5,100,5,0 days 00:01:53.792842000,0.2811728153705597,0.91895
300,4,0.2,16,5,100,10,0 days 00:05:48.229975000,0.08137427141666412,0.975175
300,4,0.2,16,5,100,15,0 days 00:11:36.154358000,0.04726968826055527,0.984625
300,4,0.5,10,5,50,5,0 days 00:01:52.699594000,0.4527471338272095,0.87995
300,4,0.5,10,5,50,10,0 days 00:05:44.655414000,0.10270749195814133,0.968475
300,4,0.5,10,5,50,15,0 days 00:11:27.662569000,0.0636367594242096,0.98035
300,4,0.5,10,5,100,5,0 days 00:01:52.207971000,1.9305004878997802,0.64655
300,4,0.5,10,5,100,10,0 days 00:05:45.053121000,0.10293614919185638,0.967575
300,4,0.5,10,5,100,15,0 days 00:11:33.799146000,0.05528185960054398,0.9822
300,4,0.5,16,5,50,5,0 days 00:01:52.337309000,0.3069208953857422,0.9139
300,4,0.5,16,5,50,10,0 days 00:05:42.682438000,0.08631446359157562,0.97345
300,4,0.5,16,5,50,15,0 days 00:11:30.357233000,0.054384513241052625,0.983375
300,4,0.5,16,5,100,5,0 days 00:01:51.293524000,0.4306196490287781,0.880925
300,4,0.5,16,5,100,10,0 days 00:05:47.938865000,0.09271530773639679,0.971225
300,4,0.5,16,5,100,15,0 days 00:11:37.728663000,0.05234820824861527,0.983175
300,4,0.75,10,5,50,5,0 days 00:01:50.430126000,1.0130193870544433,0.8028
300,4,0.75,10,5,50,10,0 days 00:05:42.407854000,0.12348467483520507,0.9623
300,4,0.75,10,5,50,15,0 days 00:11:30.058064000,0.07089070080518722,0.9794
300,4,0.75,10,5,100,5,0 days 00:01:51.979906000,0.35052068519592283,0.90255
300,4,0.75,10,5,100,10,0 days 00:05:42.281034000,0.09865818475484849,0.969425
300,4,0.75,10,5,100,15,0 days 00:11:28.187241000,0.059481318509578704,0.98205
300,4,0.75,16,5,50,5,0 days 00:01:54.971648000,0.38372697944641115,0.905075
300,4,0.75,16,5,50,10,0 days 00:05:46.603728000,0.10120507884025574,0.96995
300,4,0.75,16,5,50,15,0 days 00:11:35.728481000,0.06513816864490508,0.980725
300,4,0.75,16,5,100,5,0 days 00:01:52.724114000,0.5775422151565551,0.841875
300,4,0.75,16,5,100,10,0 days 00:05:46.906108000,0.10101094561815262,0.967725
300,4,0.75,16,5,100,15,0 days 00:11:38.818202000,0.052776860523223876,0.98365
